"ID";"Reason.for.absence";"Month.of.absence";"Day.of.the.week";"Seasons";"Transportation.expense";"Distance.from.Residence.to.Work";"Service.time";"Age";"Work.load.Average.day";"Hit.target";"Disciplinary.failure";"Education";"Son";"Social.drinker";"Social.smoker";"Pet";"Weight";"Height";"Body.mass.index";"ID.Worker";"Absenteeism"
"1";"1";26;7;3;1;289;36;13;33;239.554;97;0;1;2;1;0;1;90;172;30;11;FALSE
"2";"2";0;7;3;1;118;13;18;50;239.554;97;1;1;1;1;0;0;98;178;31;36;FALSE
"3";"3";23;7;4;1;179;51;18;38;239.554;97;0;1;0;1;0;0;89;170;31;3;FALSE
"4";"4";7;7;5;1;279;5;14;39;239.554;97;0;1;2;1;1;0;68;168;24;7;FALSE
"5";"5";23;7;5;1;289;36;13;33;239.554;97;0;1;2;1;0;1;90;172;30;11;FALSE
"7";"7";22;7;6;1;361;52;3;28;239.554;97;0;1;1;1;0;4;80;172;27;10;TRUE
"9";"9";19;7;2;1;155;12;14;34;239.554;97;0;1;2;1;0;0;95;196;25;14;TRUE
"10";"10";22;7;2;1;235;11;14;37;239.554;97;0;3;1;0;0;1;88;172;29;1;TRUE
"11";"11";1;7;2;1;260;50;11;36;239.554;97;0;1;4;1;0;0;65;168;23;20;TRUE
"12";"12";1;7;3;1;260;50;11;36;239.554;97;0;1;4;1;0;0;65;168;23;20;TRUE
"13";"13";11;7;4;1;260;50;11;36;239.554;97;0;1;4;1;0;0;65;168;23;20;TRUE
"14";"14";11;7;4;1;179;51;18;38;239.554;97;0;1;0;1;0;0;89;170;31;3;FALSE
"15";"15";23;7;4;1;179;51;18;38;239.554;97;0;1;0;1;0;0;89;170;31;3;FALSE
"18";"18";21;7;2;1;179;51;18;38;239.554;97;0;1;0;1;0;0;89;170;31;3;TRUE
"19";"19";11;7;5;1;189;29;13;33;239.554;97;0;1;2;0;0;2;69;167;25;6;TRUE
"20";"20";23;8;4;1;248;25;14;47;205.917;92;0;1;2;0;0;1;86;165;32;33;FALSE
"23";"23";13;8;2;1;361;52;3;28;205.917;92;0;1;1;1;0;4;80;172;27;10;TRUE
"24";"24";28;8;6;1;260;50;11;36;205.917;92;0;1;4;1;0;0;65;168;23;20;FALSE
"25";"25";18;8;2;1;289;36;13;33;205.917;92;0;1;2;1;0;1;90;172;30;11;TRUE
"26";"26";25;8;2;1;361;52;3;28;205.917;92;0;1;1;1;0;4;80;172;27;10;TRUE
"27";"27";23;8;3;1;289;36;13;33;205.917;92;0;1;2;1;0;1;90;172;30;11;FALSE
"28";"28";28;8;4;1;157;27;6;29;205.917;92;0;1;0;1;1;0;75;185;22;30;FALSE
"29";"29";18;8;4;1;289;36;13;33;205.917;92;0;1;2;1;0;1;90;172;30;11;TRUE
"30";"30";23;8;6;1;179;51;18;38;205.917;92;0;1;0;1;0;0;89;170;31;3;FALSE
"31";"31";18;8;2;1;179;51;18;38;205.917;92;0;1;0;1;0;0;89;170;31;3;TRUE
"32";"32";18;8;5;1;235;29;12;48;205.917;92;0;1;1;0;1;5;88;163;33;2;TRUE
"34";"34";18;8;2;1;235;29;12;48;205.917;92;0;1;1;0;1;5;88;163;33;2;TRUE
"36";"36";23;8;2;1;361;52;3;28;205.917;92;0;1;1;1;0;4;80;172;27;10;FALSE
"37";"37";24;8;3;1;289;36;13;33;205.917;92;0;1;2;1;0;1;90;172;30;11;TRUE
"38";"38";11;8;5;1;291;50;12;32;205.917;92;0;1;0;1;0;0;65;169;23;19;FALSE
"39";"39";28;8;6;1;235;29;12;48;205.917;92;0;1;1;0;1;5;88;163;33;2;TRUE
"40";"40";23;8;6;1;260;50;11;36;205.917;92;0;1;4;1;0;0;65;168;23;20;FALSE
"41";"41";23;9;3;1;184;42;7;27;241.476;92;0;1;0;0;0;0;58;167;21;27;FALSE
"42";"42";23;9;2;1;118;10;10;37;241.476;92;0;1;0;0;0;0;83;172;28;34;FALSE
"43";"43";23;9;3;1;179;51;18;38;241.476;92;0;1;0;1;0;0;89;170;31;3;FALSE
"45";"45";23;9;4;1;155;12;14;34;241.476;92;0;1;2;1;0;0;95;196;25;14;FALSE
"47";"47";23;9;3;1;179;51;18;38;241.476;92;0;1;0;1;0;0;89;170;31;3;FALSE
"50";"50";14;9;2;4;291;31;12;40;241.476;92;0;1;1;1;0;1;73;171;25;15;TRUE
"51";"51";0;9;2;4;260;50;11;36;241.476;92;1;1;4;1;0;0;65;168;23;20;FALSE
"52";"52";0;9;2;4;225;26;9;28;241.476;92;1;1;1;0;0;2;69;169;24;29;FALSE
"53";"53";23;9;3;4;225;26;9;28;241.476;92;0;1;1;0;0;2;69;169;24;28;FALSE
"54";"54";23;9;3;4;118;10;10;37;241.476;92;0;1;0;0;0;0;83;172;28;34;FALSE
"55";"55";0;9;3;4;289;36;13;33;241.476;92;1;1;2;1;0;1;90;172;30;11;FALSE
"56";"56";0;9;3;4;118;13;18;50;241.476;92;1;1;1;1;0;0;98;178;31;36;FALSE
"57";"57";18;9;4;4;225;26;9;28;241.476;92;0;1;1;0;0;2;69;169;24;28;FALSE
"58";"58";23;9;4;4;179;51;18;38;241.476;92;0;1;0;1;0;0;89;170;31;3;FALSE
"59";"59";0;9;4;4;369;17;12;31;241.476;92;1;1;3;1;0;0;70;169;25;13;FALSE
"60";"60";23;9;6;4;248;25;14;47;241.476;92;0;1;2;0;0;1;86;165;32;33;FALSE
"61";"61";23;9;6;4;179;51;18;38;241.476;92;0;1;0;1;0;0;89;170;31;3;FALSE
"62";"62";23;9;6;4;260;50;11;36;241.476;92;0;1;4;1;0;0;65;168;23;20;FALSE
"63";"63";23;10;3;4;179;51;18;38;253.465;93;0;1;0;1;0;0;89;170;31;3;FALSE
"65";"65";0;10;4;4;118;13;18;50;253.465;93;1;1;1;1;0;0;98;178;31;36;FALSE
"66";"66";23;10;5;4;179;26;9;30;253.465;93;0;3;0;0;0;0;56;171;19;22;FALSE
"67";"67";23;10;6;4;179;51;18;38;253.465;93;0;1;0;1;0;0;89;170;31;3;FALSE
"68";"68";23;10;6;4;225;26;9;28;253.465;93;0;1;1;0;0;2;69;169;24;28;FALSE
"69";"69";23;10;3;4;118;10;10;37;253.465;93;0;1;0;0;0;0;83;172;28;34;FALSE
"70";"70";23;10;4;4;225;26;9;28;253.465;93;0;1;1;0;0;2;69;169;24;28;FALSE
"71";"71";23;10;4;4;248;25;14;47;253.465;93;0;1;2;0;0;1;86;165;32;33;FALSE
"75";"75";19;10;5;4;260;50;11;36;253.465;93;0;1;4;1;0;0;65;168;23;20;TRUE
"76";"76";14;10;3;4;291;31;12;40;253.465;93;0;1;1;1;0;1;73;171;25;15;TRUE
"77";"77";28;10;3;4;225;26;9;28;253.465;93;0;1;1;0;0;2;69;169;24;28;FALSE
"78";"78";26;10;4;4;289;36;13;33;253.465;93;0;1;2;1;0;1;90;172;30;11;TRUE
"79";"79";23;10;6;4;361;52;3;28;253.465;93;0;1;1;1;0;4;80;172;27;10;FALSE
"80";"80";28;10;6;4;260;50;11;36;253.465;93;0;1;4;1;0;0;65;168;23;20;FALSE
"81";"81";23;11;5;4;179;51;18;38;306.345;93;0;1;0;1;0;0;89;170;31;3;FALSE
"83";"83";13;11;5;4;179;51;18;38;306.345;93;0;1;0;1;0;0;89;170;31;3;TRUE
"84";"84";21;11;5;4;179;22;17;40;306.345;93;0;2;2;0;1;0;63;170;22;17;TRUE
"85";"85";23;11;5;4;291;31;12;40;306.345;93;0;1;1;1;0;1;73;171;25;15;FALSE
"86";"86";10;11;2;4;155;12;14;34;306.345;93;0;1;2;1;0;0;95;196;25;14;TRUE
"87";"87";22;11;2;4;189;29;13;33;306.345;93;0;1;2;0;0;2;69;167;25;6;TRUE
"88";"88";14;11;2;4;291;31;12;40;306.345;93;0;1;1;1;0;1;73;171;25;15;TRUE
"89";"89";23;11;4;4;225;26;9;28;306.345;93;0;1;1;0;0;2;69;169;24;28;FALSE
"90";"90";6;11;6;4;155;12;14;34;306.345;93;0;1;2;1;0;0;95;196;25;14;TRUE
"91";"91";23;11;4;4;225;26;9;28;306.345;93;0;1;1;0;0;2;69;169;24;28;FALSE
"92";"92";21;11;4;4;179;22;17;40;306.345;93;0;2;2;0;1;0;63;170;22;17;TRUE
"93";"93";13;11;6;4;225;26;9;28;306.345;93;0;1;1;0;0;2;69;169;24;28;FALSE
"94";"94";28;11;6;4;260;50;11;36;306.345;93;0;1;4;1;0;0;65;168;23;20;FALSE
"96";"96";28;11;3;4;225;26;9;28;306.345;93;0;1;1;0;0;2;69;169;24;28;FALSE
"98";"98";23;11;5;4;291;31;12;40;306.345;93;0;1;1;1;0;1;73;171;25;15;FALSE
"99";"99";23;12;3;4;248;25;14;47;261.306;97;0;1;2;0;0;1;86;165;32;33;FALSE
"100";"100";19;12;3;4;118;10;10;37;261.306;97;0;1;0;0;0;0;83;172;28;34;TRUE
"101";"101";23;12;4;4;118;13;18;50;261.306;97;0;1;1;1;0;0;98;178;31;36;FALSE
"103";"103";23;12;5;4;225;26;9;28;261.306;97;0;1;1;0;0;2;69;169;24;28;FALSE
"106";"106";22;12;4;4;361;52;3;28;261.306;97;0;1;1;1;0;4;80;172;27;10;TRUE
"107";"107";28;12;5;4;225;26;9;28;261.306;97;0;1;1;0;0;2;69;169;24;28;FALSE
"109";"109";23;12;3;4;225;26;9;28;261.306;97;0;1;1;0;0;2;69;169;24;28;FALSE
"110";"110";22;12;4;4;361;52;3;28;261.306;97;0;1;1;1;0;4;80;172;27;10;TRUE
"111";"111";27;12;6;4;118;10;10;37;261.306;97;0;1;0;0;0;0;83;172;28;34;FALSE
"112";"112";19;12;6;2;246;25;16;41;261.306;97;0;1;0;1;0;0;67;170;23;24;TRUE
"113";"113";23;12;6;2;225;26;9;28;261.306;97;0;1;1;0;0;2;69;169;24;28;FALSE
"114";"114";23;1;4;2;225;26;9;28;308.593;95;0;1;1;0;0;2;69;169;24;28;FALSE
"116";"116";27;1;3;2;118;10;10;37;308.593;95;0;1;0;0;0;0;83;172;28;34;FALSE
"117";"117";18;1;3;2;155;12;14;34;308.593;95;0;1;2;1;0;0;95;196;25;14;TRUE
"118";"118";27;1;4;2;225;26;9;28;308.593;95;0;1;1;0;0;2;69;169;24;28;FALSE
"121";"121";27;1;6;2;225;26;9;28;308.593;95;0;1;1;0;0;2;69;169;24;28;FALSE
"123";"123";27;1;3;2;225;26;9;28;308.593;95;0;1;1;0;0;2;69;169;24;28;FALSE
"124";"124";27;1;3;2;118;10;10;37;308.593;95;0;1;0;0;0;0;83;172;28;34;FALSE
"126";"126";27;1;5;2;118;10;10;37;308.593;95;0;1;0;0;0;0;83;172;28;34;FALSE
"127";"127";27;1;6;2;118;10;10;37;308.593;95;0;1;0;0;0;0;83;172;28;34;FALSE
"128";"128";27;1;2;2;118;10;10;37;308.593;95;0;1;0;0;0;0;83;172;28;34;FALSE
"129";"129";27;1;3;2;118;10;10;37;308.593;95;0;1;0;0;0;0;83;172;28;34;FALSE
"130";"130";18;1;3;2;179;26;9;30;308.593;95;0;3;0;0;0;0;56;171;19;22;TRUE
"131";"131";18;1;3;2;289;36;13;33;308.593;95;0;1;2;1;0;1;90;172;30;11;TRUE
"137";"137";22;1;5;2;289;36;13;33;308.593;95;0;1;2;1;0;1;90;172;30;11;FALSE
"138";"138";23;2;6;2;184;42;7;27;302.585;99;0;1;0;0;0;0;58;167;21;27;FALSE
"139";"139";1;2;4;2;246;25;16;41;302.585;99;0;1;0;1;0;0;67;170;23;24;TRUE
"140";"140";11;2;4;2;179;51;18;38;302.585;99;0;1;0;1;0;0;89;170;31;3;TRUE
"141";"141";28;2;5;2;155;12;14;34;302.585;99;0;1;2;1;0;0;95;196;25;14;FALSE
"143";"143";28;2;6;2;260;50;11;36;302.585;99;0;1;4;1;0;0;65;168;23;20;FALSE
"144";"144";22;2;6;2;289;36;13;33;302.585;99;0;1;2;1;0;1;90;172;30;11;TRUE
"145";"145";11;2;2;2;388;15;9;50;302.585;99;0;1;0;0;0;0;76;178;24;31;TRUE
"146";"146";1;2;3;2;388;15;9;50;302.585;99;0;1;0;0;0;0;76;178;24;31;TRUE
"147";"147";28;2;2;2;225;26;9;28;302.585;99;0;1;1;0;0;2;69;169;24;28;FALSE
"148";"148";23;2;3;2;225;26;9;28;302.585;99;0;1;1;0;0;2;69;169;24;28;FALSE
"149";"149";23;2;3;2;179;26;9;30;302.585;99;0;3;0;0;0;0;56;171;19;22;FALSE
"150";"150";23;2;3;2;184;42;7;27;302.585;99;0;1;0;0;0;0;58;167;21;27;TRUE
"151";"151";25;2;5;2;225;26;9;28;302.585;99;0;1;1;0;0;2;69;169;24;28;FALSE
"152";"152";18;2;2;2;330;16;4;28;302.585;99;0;2;0;0;0;0;84;182;25;18;TRUE
"153";"153";23;2;3;2;330;16;4;28;302.585;99;0;2;0;0;0;0;84;182;25;18;FALSE
"154";"154";23;2;4;2;225;26;9;28;302.585;99;0;1;1;0;0;2;69;169;24;28;FALSE
"155";"155";19;2;5;2;189;29;13;33;302.585;99;0;1;2;0;0;2;69;167;25;6;TRUE
"156";"156";28;3;3;2;291;50;12;32;343.253;95;0;1;0;1;0;0;65;169;23;19;FALSE
"157";"157";19;3;3;2;260;50;11;36;343.253;95;0;1;4;1;0;0;65;168;23;20;TRUE
"158";"158";19;3;3;2;157;27;6;29;343.253;95;0;1;0;1;1;0;75;185;22;30;FALSE
"159";"159";17;3;3;2;179;22;17;40;343.253;95;0;2;2;0;1;0;63;170;22;17;TRUE
"160";"160";22;3;4;2;291;31;12;40;343.253;95;0;1;1;1;0;1;73;171;25;15;TRUE
"161";"161";13;3;4;2;260;50;11;36;343.253;95;0;1;4;1;0;0;65;168;23;20;TRUE
"162";"162";13;3;5;2;179;26;9;30;343.253;95;0;3;0;0;0;0;56;171;19;22;TRUE
"163";"163";14;3;6;2;248;25;14;47;343.253;95;0;1;2;0;0;1;86;165;32;33;FALSE
"165";"165";11;3;2;2;179;22;17;40;343.253;95;0;2;2;0;1;0;63;170;22;17;TRUE
"166";"166";1;3;2;2;155;12;14;34;343.253;95;0;1;2;1;0;0;95;196;25;14;TRUE
"167";"167";26;3;2;2;260;50;11;36;343.253;95;0;1;4;1;0;0;65;168;23;20;TRUE
"168";"168";13;3;3;2;155;12;14;34;343.253;95;0;1;2;1;0;0;95;196;25;14;TRUE
"169";"169";6;3;5;2;289;36;13;33;343.253;95;0;1;2;1;0;1;90;172;30;11;TRUE
"170";"170";8;3;5;2;179;22;17;40;343.253;95;0;2;2;0;1;0;63;170;22;17;TRUE
"171";"171";28;3;6;2;260;50;11;36;343.253;95;0;1;4;1;0;0;65;168;23;20;FALSE
"172";"172";23;3;6;2;225;26;9;28;343.253;95;0;1;1;0;0;2;69;169;24;28;FALSE
"174";"174";13;3;3;2;179;51;18;38;343.253;95;0;1;0;1;0;0;89;170;31;3;TRUE
"175";"175";23;3;4;2;225;26;9;28;343.253;95;0;1;1;0;0;2;69;169;24;28;FALSE
"178";"178";11;3;3;3;225;26;9;28;343.253;95;0;1;1;0;0;2;69;169;24;28;TRUE
"179";"179";11;3;4;3;225;26;9;28;343.253;95;0;1;1;0;0;2;69;169;24;28;TRUE
"181";"181";14;3;5;3;279;5;14;39;343.253;95;0;1;2;1;1;0;68;168;24;7;TRUE
"183";"183";14;3;6;3;248;25;14;47;343.253;95;0;1;2;0;0;1;86;165;32;33;FALSE
"184";"184";28;3;2;3;225;26;9;28;343.253;95;0;1;1;0;0;2;69;169;24;28;FALSE
"185";"185";28;4;4;3;291;31;12;40;326.452;96;0;1;1;1;0;1;73;171;25;15;FALSE
"186";"186";23;4;4;3;225;26;9;28;326.452;96;0;1;1;0;0;2;69;169;24;28;FALSE
"188";"188";13;4;4;3;246;25;16;41;326.452;96;0;1;0;1;0;0;67;170;23;24;TRUE
"189";"189";23;4;5;3;155;12;14;34;326.452;96;0;1;2;1;0;0;95;196;25;14;FALSE
"190";"190";28;4;6;3;225;26;9;28;326.452;96;0;1;1;0;0;2;69;169;24;28;FALSE
"191";"191";28;4;6;3;260;50;11;36;326.452;96;0;1;4;1;0;0;65;168;23;20;FALSE
"192";"192";13;4;4;3;179;51;18;38;326.452;96;0;1;0;1;0;0;89;170;31;3;TRUE
"193";"193";23;4;5;3;118;13;18;50;326.452;96;0;1;1;1;0;0;98;178;31;36;FALSE
"194";"194";23;4;6;3;291;31;12;40;326.452;96;0;1;1;1;0;1;73;171;25;15;FALSE
"195";"195";14;4;6;3;246;25;16;41;326.452;96;0;1;0;1;0;0;67;170;23;24;TRUE
"196";"196";28;4;6;3;291;31;12;40;326.452;96;0;1;1;1;0;1;73;171;25;15;FALSE
"197";"197";28;4;6;3;248;25;14;47;326.452;96;0;1;2;0;0;1;86;165;32;33;TRUE
"198";"198";19;4;6;3;260;50;11;36;326.452;96;0;1;4;1;0;0;65;168;23;20;TRUE
"200";"200";12;4;4;3;155;12;14;34;326.452;96;0;1;2;1;0;0;95;196;25;14;TRUE
"201";"201";19;4;4;3;378;49;11;36;326.452;96;0;1;2;0;1;4;65;174;21;23;TRUE
"202";"202";13;4;5;3;289;36;13;33;326.452;96;0;1;2;1;0;1;90;172;30;11;TRUE
"203";"203";7;4;6;3;235;11;14;37;326.452;96;0;3;1;0;0;1;88;172;29;1;FALSE
"204";"204";0;4;2;3;235;29;12;48;326.452;96;1;1;1;0;1;5;88;163;33;2;FALSE
"205";"205";13;5;4;3;289;36;13;33;378.884;92;0;1;2;1;0;1;90;172;30;11;TRUE
"206";"206";28;5;5;3;155;12;14;34;378.884;92;0;1;2;1;0;0;95;196;25;14;FALSE
"209";"209";19;5;3;3;225;26;9;28;378.884;92;0;1;1;0;0;2;69;169;24;28;TRUE
"210";"210";7;5;4;3;184;42;7;27;378.884;92;0;1;0;0;0;0;58;167;21;27;FALSE
"211";"211";28;5;2;3;155;12;14;34;378.884;92;0;1;2;1;0;0;95;196;25;14;FALSE
"212";"212";12;5;3;3;179;51;18;38;378.884;92;0;1;0;1;0;0;89;170;31;3;FALSE
"214";"214";0;5;4;3;279;5;14;39;378.884;92;1;1;2;1;1;0;68;168;24;7;FALSE
"215";"215";0;5;4;3;330;16;4;28;378.884;92;1;2;0;0;0;0;84;182;25;18;FALSE
"216";"216";0;5;4;3;378;49;11;36;378.884;92;1;1;2;0;1;4;65;174;21;23;FALSE
"217";"217";0;5;4;3;388;15;9;50;378.884;92;1;1;0;0;0;0;76;178;24;31;FALSE
"219";"219";13;5;4;3;118;13;18;50;378.884;92;0;1;1;1;0;0;98;178;31;36;TRUE
"220";"220";22;5;6;3;361;52;3;28;378.884;92;0;1;1;1;0;4;80;172;27;10;TRUE
"221";"221";19;6;2;3;246;25;16;41;377.55;94;0;1;0;1;0;0;67;170;23;24;TRUE
"222";"222";22;6;2;3;361;52;3;28;377.55;94;0;1;1;1;0;4;80;172;27;10;TRUE
"223";"223";10;6;3;3;246;25;16;41;377.55;94;0;1;0;1;0;0;67;170;23;24;TRUE
"224";"224";23;6;5;3;291;31;12;40;377.55;94;0;1;1;1;0;1;73;171;25;15;FALSE
"225";"225";10;6;6;3;246;25;16;41;377.55;94;0;1;0;1;0;0;67;170;23;24;TRUE
"226";"226";11;6;2;3;179;51;18;38;377.55;94;0;1;0;1;0;0;89;170;31;3;TRUE
"228";"228";10;6;2;3;246;25;16;41;377.55;94;0;1;0;1;0;0;67;170;23;24;TRUE
"229";"229";13;6;4;3;118;13;18;50;377.55;94;0;1;1;1;0;0;98;178;31;36;TRUE
"230";"230";13;6;6;3;235;11;14;37;377.55;94;0;3;1;0;0;1;88;172;29;1;TRUE
"231";"231";23;6;3;3;118;13;18;50;377.55;94;0;1;1;1;0;0;98;178;31;36;FALSE
"232";"232";13;6;4;3;118;13;18;50;377.55;94;0;1;1;1;0;0;98;178;31;36;TRUE
"233";"233";22;6;5;3;378;49;11;36;377.55;94;0;1;2;0;1;4;65;174;21;23;TRUE
"234";"234";11;6;6;3;179;51;18;38;377.55;94;0;1;0;1;0;0;89;170;31;3;FALSE
"235";"235";28;6;2;1;289;48;29;49;377.55;94;0;1;0;0;0;2;108;172;36;32;FALSE
"236";"236";28;6;5;1;225;26;9;28;377.55;94;0;1;1;0;0;2;69;169;24;28;FALSE
"239";"239";5;7;6;1;118;10;10;37;275.312;98;0;1;0;0;0;0;83;172;28;34;TRUE
"240";"240";26;7;6;1;118;10;10;37;275.312;98;0;1;0;0;0;0;83;172;28;34;FALSE
"242";"242";18;7;5;1;179;26;9;30;275.312;98;0;3;0;0;0;0;56;171;19;22;TRUE
"243";"243";25;7;6;1;155;12;14;34;275.312;98;0;1;2;1;0;0;95;196;25;14;FALSE
"244";"244";1;7;2;1;330;16;4;28;275.312;98;0;2;0;0;0;0;84;182;25;18;TRUE
"246";"246";25;7;2;1;157;27;6;29;275.312;98;0;1;0;1;1;0;75;185;22;30;FALSE
"247";"247";22;7;3;1;361;52;3;28;275.312;98;0;1;1;1;0;4;80;172;27;10;TRUE
"250";"250";19;7;2;1;289;36;13;33;275.312;98;0;1;2;1;0;1;90;172;30;11;TRUE
"251";"251";19;7;5;1;289;36;13;33;275.312;98;0;1;2;1;0;1;90;172;30;11;TRUE
"252";"252";0;7;5;1;260;50;11;36;275.312;98;1;1;4;1;0;0;65;168;23;20;FALSE
"255";"255";23;8;2;1;289;36;13;33;265.615;94;0;1;2;1;0;1;90;172;30;11;FALSE
"256";"256";18;8;3;1;228;14;16;58;265.615;94;0;1;2;0;0;1;65;172;22;9;TRUE
"258";"258";14;8;5;1;300;26;13;43;265.615;94;0;1;2;1;1;1;77;175;25;26;FALSE
"259";"259";28;8;6;1;260;50;11;36;265.615;94;0;1;4;1;0;0;65;168;23;20;FALSE
"260";"260";23;8;3;1;289;36;13;33;265.615;94;0;1;2;1;0;1;90;172;30;11;FALSE
"261";"261";23;8;4;1;248;25;14;47;265.615;94;0;1;2;0;0;1;86;165;32;33;FALSE
"264";"264";13;8;5;1;118;13;18;50;265.615;94;0;1;1;1;0;0;98;178;31;36;FALSE
"268";"268";19;8;5;1;235;11;14;37;265.615;94;0;3;1;0;0;1;88;172;29;1;TRUE
"269";"269";8;8;3;1;361;52;3;28;265.615;94;0;1;1;1;0;4;80;172;27;10;TRUE
"270";"270";6;8;4;1;184;42;7;27;265.615;94;0;1;0;0;0;0;58;167;21;27;TRUE
"271";"271";11;9;2;1;179;51;18;38;294.217;81;0;1;0;1;0;0;89;170;31;3;TRUE
"272";"272";23;9;6;1;179;51;18;38;294.217;81;0;1;0;1;0;0;89;170;31;3;FALSE
"273";"273";19;9;4;1;289;36;13;33;294.217;81;0;1;2;1;0;1;90;172;30;11;TRUE
"274";"274";0;9;5;1;235;20;13;43;294.217;81;1;1;1;1;0;0;106;167;38;5;FALSE
"275";"275";9;9;2;1;246;25;16;41;294.217;81;0;1;0;1;0;0;67;170;23;24;TRUE
"276";"276";28;9;3;1;291;31;12;40;294.217;81;0;1;1;1;0;1;73;171;25;15;FALSE
"277";"277";0;9;3;1;231;35;14;39;294.217;81;1;1;2;1;0;2;100;170;35;8;FALSE
"279";"279";13;9;4;1;179;51;18;38;294.217;81;0;1;0;1;0;0;89;170;31;3;TRUE
"280";"280";9;9;4;1;246;25;16;41;294.217;81;0;1;0;1;0;0;67;170;23;24;TRUE
"281";"281";23;9;5;1;179;51;18;38;294.217;81;0;1;0;1;0;0;89;170;31;3;FALSE
"283";"283";28;9;6;1;260;50;11;36;294.217;81;0;1;4;1;0;0;65;168;23;20;FALSE
"284";"284";26;9;4;4;235;20;13;43;294.217;81;0;1;1;1;0;0;106;167;38;5;TRUE
"286";"286";0;9;5;4;235;20;13;43;294.217;81;1;1;1;1;0;0;106;167;38;5;FALSE
"287";"287";28;9;6;4;291;31;12;40;294.217;81;0;1;1;1;0;1;73;171;25;15;FALSE
"288";"288";7;9;2;4;291;31;12;40;294.217;81;0;1;1;1;0;1;73;171;25;15;TRUE
"289";"289";13;9;2;4;179;51;18;38;294.217;81;0;1;0;1;0;0;89;170;31;3;TRUE
"290";"290";24;10;2;4;289;36;13;33;265.017;88;0;1;2;1;0;1;90;172;30;11;TRUE
"291";"291";26;10;2;4;235;11;14;37;265.017;88;0;3;1;0;0;1;88;172;29;1;FALSE
"292";"292";26;10;2;4;289;36;13;33;265.017;88;0;1;2;1;0;1;90;172;30;11;TRUE
"293";"293";22;10;6;4;289;36;13;33;265.017;88;0;1;2;1;0;1;90;172;30;11;TRUE
"295";"295";0;10;6;4;248;25;14;47;265.017;88;1;1;2;0;0;1;86;165;32;33;FALSE
"296";"296";1;10;2;4;179;26;9;30;265.017;88;0;3;0;0;0;0;56;171;19;22;TRUE
"297";"297";7;10;2;4;118;10;10;37;265.017;88;0;1;0;0;0;0;83;172;28;34;FALSE
"298";"298";22;10;2;4;369;17;12;31;265.017;88;0;1;3;1;0;0;70;169;25;13;TRUE
"299";"299";28;10;4;4;179;51;18;38;265.017;88;0;1;0;1;0;0;89;170;31;3;FALSE
"300";"300";1;10;4;4;179;26;9;30;265.017;88;0;3;0;0;0;0;56;171;19;22;TRUE
"302";"302";19;10;5;4;289;36;13;33;265.017;88;0;1;2;1;0;1;90;172;30;11;TRUE
"303";"303";28;10;6;4;260;50;11;36;265.017;88;0;1;4;1;0;0;65;168;23;20;FALSE
"304";"304";0;10;6;4;235;20;13;43;265.017;88;1;1;1;1;0;0;106;167;38;5;FALSE
"308";"308";28;10;3;4;291;31;12;40;265.017;88;0;1;1;1;0;1;73;171;25;15;FALSE
"309";"309";23;10;5;4;179;26;9;30;265.017;88;0;3;0;0;0;0;56;171;19;22;TRUE
"310";"310";28;10;5;4;118;13;18;50;265.017;88;0;1;1;1;0;0;98;178;31;36;FALSE
"311";"311";10;10;2;4;361;52;3;28;265.017;88;0;1;1;1;0;4;80;172;27;10;TRUE
"312";"312";0;10;3;4;260;50;11;36;265.017;88;1;1;4;1;0;0;65;168;23;20;FALSE
"313";"313";0;10;3;4;291;31;12;40;265.017;88;1;1;1;1;0;1;73;171;25;15;FALSE
"315";"315";1;10;4;4;179;26;9;30;265.017;88;0;3;0;0;0;0;56;171;19;22;FALSE
"316";"316";7;10;4;4;179;26;9;30;265.017;88;0;3;0;0;0;0;56;171;19;22;FALSE
"317";"317";23;10;5;4;118;13;18;50;265.017;88;0;1;1;1;0;0;98;178;31;36;FALSE
"318";"318";11;11;2;4;118;10;10;37;284.031;97;0;1;0;0;0;0;83;172;28;34;TRUE
"320";"320";6;11;3;4;179;51;18;38;284.031;97;0;1;0;1;0;0;89;170;31;3;TRUE
"321";"321";28;11;6;4;260;50;11;36;284.031;97;0;1;4;1;0;0;65;168;23;20;FALSE
"322";"322";23;11;2;4;291;31;12;40;284.031;97;0;1;1;1;0;1;73;171;25;15;FALSE
"323";"323";1;11;2;4;378;49;11;36;284.031;97;0;1;2;0;1;4;65;174;21;23;TRUE
"324";"324";11;11;2;4;155;12;14;34;284.031;97;0;1;2;1;0;0;95;196;25;14;TRUE
"326";"326";0;11;3;4;330;16;4;28;284.031;97;1;2;0;0;0;0;84;182;25;18;FALSE
"327";"327";18;11;4;4;235;11;14;37;284.031;97;0;3;1;0;0;1;88;172;29;1;FALSE
"328";"328";11;11;4;4;118;10;10;37;284.031;97;0;1;0;0;0;0;83;172;28;34;FALSE
"329";"329";25;11;5;4;235;11;14;37;284.031;97;0;3;1;0;0;1;88;172;29;1;FALSE
"330";"330";28;11;5;4;179;51;18;38;284.031;97;0;1;0;1;0;0;89;170;31;3;FALSE
"332";"332";12;11;6;4;291;31;12;40;284.031;97;0;1;1;1;0;1;73;171;25;15;FALSE
"333";"333";13;11;2;4;246;25;16;41;284.031;97;0;1;0;1;0;0;67;170;23;24;TRUE
"334";"334";28;11;3;4;179;51;18;38;284.031;97;0;1;0;1;0;0;89;170;31;3;FALSE
"335";"335";10;11;4;4;260;50;11;36;284.031;97;0;1;4;1;0;0;65;168;23;20;TRUE
"337";"337";0;11;6;4;378;49;11;36;284.031;97;1;1;2;0;1;4;65;174;21;23;FALSE
"340";"340";12;12;2;4;225;26;9;28;236.629;93;0;1;1;0;0;2;69;169;24;28;FALSE
"341";"341";28;12;2;4;179;51;18;38;236.629;93;0;1;0;1;0;0;89;170;31;3;FALSE
"342";"342";28;12;2;4;179;51;18;38;236.629;93;0;1;0;1;0;0;89;170;31;3;FALSE
"343";"343";23;12;2;4;235;11;14;37;236.629;93;0;3;1;0;0;1;88;172;29;1;FALSE
"345";"345";28;12;6;4;260;50;11;36;236.629;93;0;1;4;1;0;0;65;168;23;20;FALSE
"347";"347";28;12;5;4;179;51;18;38;236.629;93;0;1;0;1;0;0;89;170;31;3;FALSE
"348";"348";28;12;6;4;179;51;18;38;236.629;93;0;1;0;1;0;0;89;170;31;3;FALSE
"350";"350";25;12;3;4;118;10;10;37;236.629;93;0;1;0;0;0;0;83;172;28;34;TRUE
"351";"351";25;12;5;4;235;11;14;37;236.629;93;0;3;1;0;0;1;88;172;29;1;FALSE
"352";"352";28;12;6;4;179;51;18;38;236.629;93;0;1;0;1;0;0;89;170;31;3;FALSE
"353";"353";13;12;3;2;235;20;13;43;236.629;93;0;1;1;1;0;0;106;167;38;5;TRUE
"355";"355";26;12;4;2;260;50;11;36;236.629;93;0;1;4;1;0;0;65;168;23;20;TRUE
"356";"356";28;12;2;2;157;27;6;29;236.629;93;0;1;0;1;1;0;75;185;22;30;FALSE
"357";"357";28;12;2;2;179;51;18;38;236.629;93;0;1;0;1;0;0;89;170;31;3;FALSE
"359";"359";23;1;4;2;225;26;9;28;330.061;100;0;1;1;0;0;2;69;169;24;28;FALSE
"360";"360";19;1;2;2;118;10;10;37;330.061;100;0;1;0;0;0;0;83;172;28;34;TRUE
"362";"362";13;1;3;2;235;11;14;37;330.061;100;0;3;1;0;0;1;88;172;29;1;FALSE
"363";"363";23;1;3;2;155;12;14;34;330.061;100;0;1;2;1;0;0;95;196;25;14;FALSE
"364";"364";26;1;2;2;289;36;13;33;330.061;100;0;1;2;1;0;1;90;172;30;11;TRUE
"365";"365";3;1;4;2;291;31;12;40;330.061;100;0;1;1;1;0;1;73;171;25;15;TRUE
"366";"366";26;1;2;2;235;20;13;43;330.061;100;0;1;1;1;0;0;106;167;38;5;TRUE
"368";"368";28;1;4;2;179;51;18;38;330.061;100;0;1;0;1;0;0;89;170;31;3;FALSE
"369";"369";28;1;6;2;179;51;18;38;330.061;100;0;1;0;1;0;0;89;170;31;3;FALSE
"370";"370";28;2;3;2;118;10;10;37;251.818;96;0;1;0;0;0;0;83;172;28;34;FALSE
"371";"371";27;2;4;2;179;51;18;38;251.818;96;0;1;0;1;0;0;89;170;31;3;FALSE
"372";"372";7;2;4;2;225;26;9;28;251.818;96;0;1;1;0;0;2;69;169;24;28;FALSE
"374";"374";28;2;6;2;260;50;11;36;251.818;96;0;1;4;1;0;0;65;168;23;20;FALSE
"375";"375";23;2;6;2;179;51;18;38;251.818;96;0;1;0;1;0;0;89;170;31;3;FALSE
"376";"376";27;2;2;2;179;51;18;38;251.818;96;0;1;0;1;0;0;89;170;31;3;FALSE
"377";"377";27;2;4;2;179;51;18;38;251.818;96;0;1;0;1;0;0;89;170;31;3;FALSE
"378";"378";10;2;5;2;179;51;18;38;251.818;96;0;1;0;1;0;0;89;170;31;3;TRUE
"379";"379";26;2;5;2;246;25;16;41;251.818;96;0;1;0;1;0;0;67;170;23;24;TRUE
"380";"380";27;2;6;2;179;51;18;38;251.818;96;0;1;0;1;0;0;89;170;31;3;FALSE
"383";"383";23;2;3;2;246;25;16;41;251.818;96;0;1;0;1;0;0;67;170;23;24;FALSE
"385";"385";11;2;4;2;157;27;6;29;251.818;96;0;1;0;1;1;0;75;185;22;30;TRUE
"386";"386";27;2;4;2;179;51;18;38;251.818;96;0;1;0;1;0;0;89;170;31;3;FALSE
"387";"387";27;2;6;2;179;51;18;38;251.818;96;0;1;0;1;0;0;89;170;31;3;FALSE
"388";"388";10;2;6;2;246;25;16;41;251.818;96;0;1;0;1;0;0;67;170;23;24;TRUE
"392";"392";19;3;4;2;246;25;16;41;244.387;98;0;1;0;1;0;0;67;170;23;24;TRUE
"393";"393";28;3;6;2;246;25;16;41;244.387;98;0;1;0;1;0;0;67;170;23;24;FALSE
"394";"394";28;3;6;2;260;50;11;36;244.387;98;0;1;4;1;0;0;65;168;23;20;FALSE
"395";"395";28;3;2;2;179;51;18;38;244.387;98;0;1;0;1;0;0;89;170;31;3;FALSE
"396";"396";22;3;2;2;235;11;14;37;244.387;98;0;3;1;0;0;1;88;172;29;1;TRUE
"397";"397";22;3;3;2;179;22;17;40;244.387;98;0;2;2;0;1;0;63;170;22;17;TRUE
"398";"398";22;3;3;2;378;49;11;36;244.387;98;0;1;2;0;1;4;65;174;21;23;TRUE
"399";"399";28;3;2;2;179;51;18;38;244.387;98;0;1;0;1;0;0;89;170;31;3;TRUE
"401";"401";0;3;4;2;369;17;12;31;244.387;98;1;1;3;1;0;0;70;169;25;13;FALSE
"403";"403";23;3;6;3;118;13;18;50;244.387;98;0;1;1;1;0;0;98;178;31;36;FALSE
"404";"404";14;3;3;3;118;13;18;50;244.387;98;0;1;1;1;0;0;98;178;31;36;FALSE
"407";"407";0;3;5;3;246;25;16;41;244.387;98;1;1;0;1;0;0;67;170;23;24;FALSE
"408";"408";0;3;5;3;118;13;18;50;244.387;98;1;1;1;1;0;0;98;178;31;36;FALSE
"409";"409";28;3;6;3;179;51;18;38;244.387;98;0;1;0;1;0;0;89;170;31;3;TRUE
"411";"411";19;3;2;3;260;50;11;36;244.387;98;0;1;4;1;0;0;65;168;23;20;TRUE
"412";"412";28;3;3;3;246;25;16;41;244.387;98;0;1;0;1;0;0;67;170;23;24;FALSE
"413";"413";28;4;4;3;179;51;18;38;239.409;98;0;1;0;1;0;0;89;170;31;3;FALSE
"414";"414";28;4;6;3;260;50;11;36;239.409;98;0;1;4;1;0;0;65;168;23;20;FALSE
"415";"415";26;4;6;3;330;16;4;28;239.409;98;0;2;0;0;0;0;84;182;25;18;FALSE
"417";"417";26;4;2;3;248;25;14;47;239.409;98;0;1;2;0;0;1;86;165;32;33;FALSE
"418";"418";23;4;4;3;330;16;4;28;239.409;98;0;2;0;0;0;0;84;182;25;18;TRUE
"421";"421";13;4;4;3;118;13;18;50;239.409;98;0;1;1;1;0;0;98;178;31;36;TRUE
"422";"422";28;4;6;3;300;26;13;43;239.409;98;0;1;2;1;1;1;77;175;25;26;TRUE
"423";"423";28;4;6;3;260;50;11;36;239.409;98;0;1;4;1;0;0;65;168;23;20;FALSE
"424";"424";28;4;2;3;179;51;18;38;239.409;98;0;1;0;1;0;0;89;170;31;3;FALSE
"425";"425";11;4;4;3;118;10;10;37;239.409;98;0;1;0;0;0;0;83;172;28;34;FALSE
"426";"426";13;5;2;3;235;20;13;43;246.074;99;0;1;1;1;0;0;106;167;38;5;TRUE
"427";"427";23;5;4;3;248;25;14;47;246.074;99;0;1;2;0;0;1;86;165;32;33;FALSE
"428";"428";10;5;2;3;369;17;12;31;246.074;99;0;1;3;1;0;0;70;169;25;13;TRUE
"429";"429";23;5;4;3;179;26;9;30;246.074;99;0;3;0;0;0;0;56;171;19;22;FALSE
"430";"430";28;5;4;3;179;51;18;38;246.074;99;0;1;0;1;0;0;89;170;31;3;FALSE
"431";"431";23;5;5;3;361;52;3;28;246.074;99;0;1;1;1;0;4;80;172;27;10;FALSE
"432";"432";28;5;6;3;260;50;11;36;246.074;99;0;1;4;1;0;0;65;168;23;20;FALSE
"434";"434";8;5;2;3;179;22;17;40;246.074;99;0;2;2;0;1;0;63;170;22;17;FALSE
"435";"435";18;5;4;3;228;14;16;58;246.074;99;0;1;2;0;0;1;65;172;22;9;TRUE
"436";"436";25;5;4;3;225;26;9;28;246.074;99;0;1;1;0;0;2;69;169;24;28;FALSE
"437";"437";13;5;6;3;330;16;4;28;246.074;99;0;2;0;0;0;0;84;182;25;18;TRUE
"438";"438";25;5;2;3;179;26;9;30;246.074;99;0;3;0;0;0;0;56;171;19;22;FALSE
"439";"439";28;5;2;3;118;10;10;37;246.074;99;0;1;0;0;0;0;83;172;28;34;FALSE
"440";"440";1;5;2;3;235;11;14;37;246.074;99;0;3;1;0;0;1;88;172;29;1;TRUE
"441";"441";23;5;4;3;179;26;9;30;246.074;99;0;3;0;0;0;0;56;171;19;22;FALSE
"442";"442";23;6;2;3;118;10;10;37;253.957;95;0;1;0;0;0;0;83;172;28;34;FALSE
"443";"443";28;6;2;3;179;51;18;38;253.957;95;0;1;0;1;0;0;89;170;31;3;FALSE
"445";"445";23;6;5;3;225;26;9;28;253.957;95;0;1;1;0;0;2;69;169;24;28;FALSE
"446";"446";28;6;6;3;260;50;11;36;253.957;95;0;1;4;1;0;0;65;168;23;20;FALSE
"448";"448";13;6;2;3;291;31;12;40;253.957;95;0;1;1;1;0;1;73;171;25;15;TRUE
"449";"449";28;6;2;3;179;51;18;38;253.957;95;0;1;0;1;0;0;89;170;31;3;TRUE
"450";"450";28;6;3;3;246;25;16;41;253.957;95;0;1;0;1;0;0;67;170;23;24;FALSE
"451";"451";28;6;2;3;179;51;18;38;253.957;95;0;1;0;1;0;0;89;170;31;3;FALSE
"452";"452";26;6;3;3;235;20;13;43;253.957;95;0;1;1;1;0;0;106;167;38;5;TRUE
"453";"453";28;6;2;1;179;51;18;38;253.957;95;0;1;0;1;0;0;89;170;31;3;FALSE
"454";"454";23;6;4;1;225;26;9;28;253.957;95;0;1;1;0;0;2;69;169;24;28;FALSE
"455";"455";23;6;4;1;118;13;18;50;253.957;95;0;1;1;1;0;0;98;178;31;36;FALSE
"456";"456";5;6;4;1;179;51;18;38;253.957;95;0;1;0;1;0;0;89;170;31;3;TRUE
"457";"457";21;6;4;1;179;26;9;30;253.957;95;0;3;0;0;0;0;56;171;19;22;FALSE
"458";"458";28;6;6;1;246;25;16;41;253.957;95;0;1;0;1;0;0;67;170;23;24;FALSE
"459";"459";11;6;3;1;330;16;4;28;253.957;95;0;2;0;0;0;0;84;182;25;18;FALSE
"460";"460";13;6;3;1;235;11;14;37;253.957;95;0;3;1;0;0;1;88;172;29;1;TRUE
"461";"461";23;7;5;1;179;26;9;30;230.29;92;0;3;0;0;0;0;56;171;19;22;FALSE
"462";"462";25;7;5;1;225;26;9;28;230.29;92;0;1;1;0;0;2;69;169;24;28;FALSE
"464";"464";7;7;2;1;268;11;8;33;230.29;92;0;2;0;0;0;0;79;178;25;21;TRUE
"465";"465";25;7;6;1;330;16;4;28;230.29;92;0;2;0;0;0;0;84;182;25;18;TRUE
"466";"466";26;7;6;1;118;10;10;37;230.29;92;0;1;0;0;0;0;83;172;28;34;TRUE
"467";"467";26;7;2;1;260;50;11;36;230.29;92;0;1;4;1;0;0;65;168;23;20;FALSE
"468";"468";28;7;3;1;118;10;10;37;230.29;92;0;1;0;0;0;0;83;172;28;34;TRUE
"469";"469";15;7;2;1;300;26;13;43;230.29;92;0;1;2;1;1;1;77;175;25;26;TRUE
"471";"471";28;7;3;1;246;25;16;41;230.29;92;0;1;0;1;0;0;67;170;23;24;FALSE
"472";"472";9;7;3;1;225;26;9;28;230.29;92;0;1;1;0;0;2;69;169;24;28;TRUE
"473";"473";28;7;3;1;179;51;18;38;230.29;92;0;1;0;1;0;0;89;170;31;3;FALSE
"474";"474";23;7;6;1;118;13;18;50;230.29;92;0;1;1;1;0;0;98;178;31;36;FALSE
"475";"475";22;7;6;1;361;52;3;28;230.29;92;0;1;1;1;0;4;80;172;27;10;TRUE
"476";"476";22;7;2;1;289;36;13;33;230.29;92;0;1;2;1;0;1;90;172;30;11;TRUE
"477";"477";26;7;2;1;235;20;13;43;230.29;92;0;1;1;1;0;0;106;167;38;5;TRUE
"478";"478";28;7;3;1;246;25;16;41;230.29;92;0;1;0;1;0;0;67;170;23;24;FALSE
"479";"479";28;7;5;1;291;31;12;40;230.29;92;0;1;1;1;0;1;73;171;25;15;FALSE
"480";"480";23;7;5;1;279;5;14;39;230.29;92;0;1;2;1;1;0;68;168;24;7;FALSE
"481";"481";25;8;5;1;179;51;18;38;249.797;93;0;1;0;1;0;0;89;170;31;3;FALSE
"482";"482";25;8;2;1;179;22;17;40;249.797;93;0;2;2;0;1;0;63;170;22;17;FALSE
"483";"483";28;8;3;1;246;25;16;41;249.797;93;0;1;0;1;0;0;67;170;23;24;FALSE
"485";"485";26;8;3;1;289;36;13;33;249.797;93;0;1;2;1;0;1;90;172;30;11;TRUE
"486";"486";26;8;3;1;235;20;13;43;249.797;93;0;1;1;1;0;0;106;167;38;5;TRUE
"487";"487";28;8;5;1;291;31;12;40;249.797;93;0;1;1;1;0;1;73;171;25;15;FALSE
"488";"488";25;8;2;1;179;51;18;38;249.797;93;0;1;0;1;0;0;89;170;31;3;FALSE
"489";"489";25;8;3;1;179;22;17;40;249.797;93;0;2;2;0;1;0;63;170;22;17;TRUE
"491";"491";23;8;3;1;235;11;14;37;249.797;93;0;3;1;0;0;1;88;172;29;1;FALSE
"492";"492";28;8;3;1;246;25;16;41;249.797;93;0;1;0;1;0;0;67;170;23;24;FALSE
"493";"493";28;8;3;1;118;10;10;37;249.797;93;0;1;0;0;0;0;83;172;28;34;FALSE
"494";"494";28;8;5;1;291;31;12;40;249.797;93;0;1;1;1;0;1;73;171;25;15;FALSE
"495";"495";28;8;2;1;260;50;11;36;249.797;93;0;1;4;1;0;0;65;168;23;20;FALSE
"496";"496";28;9;3;1;246;25;16;41;261.756;87;0;1;0;1;0;0;67;170;23;24;FALSE
"497";"497";28;9;3;1;246;25;16;41;261.756;87;0;1;0;1;0;0;67;170;23;24;FALSE
"498";"498";28;9;3;1;118;10;10;37;261.756;87;0;1;0;0;0;0;83;172;28;34;FALSE
"500";"500";28;9;5;1;291;31;12;40;261.756;87;0;1;1;1;0;1;73;171;25;15;FALSE
"501";"501";23;9;6;1;179;26;9;30;261.756;87;0;3;0;0;0;0;56;171;19;22;TRUE
"502";"502";23;9;6;1;248;25;14;47;261.756;87;0;1;2;0;0;1;86;165;32;33;FALSE
"503";"503";23;9;2;1;179;51;18;38;261.756;87;0;1;0;1;0;0;89;170;31;3;FALSE
"504";"504";23;9;4;1;225;26;9;28;261.756;87;0;1;1;0;0;2;69;169;24;28;FALSE
"505";"505";23;9;2;1;179;26;9;30;261.756;87;0;3;0;0;0;0;56;171;19;22;FALSE
"506";"506";23;9;3;4;369;17;12;31;261.756;87;0;1;3;1;0;0;70;169;25;13;TRUE
"508";"508";4;10;5;4;289;48;29;49;284.853;91;0;1;0;0;0;2;108;172;36;32;FALSE
"509";"509";11;10;5;4;235;16;8;32;284.853;91;0;3;0;0;0;0;75;178;25;25;FALSE
"510";"510";26;10;6;4;246;25;16;41;284.853;91;0;1;0;1;0;0;67;170;23;24;TRUE
"511";"511";14;10;4;4;289;48;29;49;284.853;91;0;1;0;0;0;2;108;172;36;32;FALSE
"512";"512";28;10;4;4;291;31;12;40;284.853;91;0;1;1;1;0;1;73;171;25;15;FALSE
"513";"513";23;10;3;4;118;10;10;37;284.853;91;0;1;0;0;0;0;83;172;28;34;FALSE
"514";"514";23;10;5;4;289;48;29;49;284.853;91;0;1;0;0;0;2;108;172;36;32;FALSE
"515";"515";23;10;6;4;291;31;12;40;284.853;91;0;1;1;1;0;1;73;171;25;15;FALSE
"516";"516";23;10;3;4;225;26;9;28;284.853;91;0;1;1;0;0;2;69;169;24;28;FALSE
"517";"517";23;10;3;4;369;17;12;31;284.853;91;0;1;3;1;0;0;70;169;25;13;TRUE
"518";"518";23;10;3;4;369;17;12;31;284.853;91;0;1;3;1;0;0;70;169;25;13;FALSE
"519";"519";23;10;3;4;225;26;9;28;284.853;91;0;1;1;0;0;2;69;169;24;28;FALSE
"520";"520";26;10;3;4;369;17;12;31;284.853;91;0;1;3;1;0;0;70;169;25;13;TRUE
"521";"521";28;10;4;4;179;51;18;38;284.853;91;0;1;0;1;0;0;89;170;31;3;FALSE
"522";"522";1;10;4;4;228;14;16;58;284.853;91;0;1;2;0;0;1;65;172;22;9;FALSE
"525";"525";13;10;5;4;225;26;9;28;284.853;91;0;1;1;0;0;2;69;169;24;28;FALSE
"526";"526";10;10;6;4;369;17;12;31;284.853;91;0;1;3;1;0;0;70;169;25;13;TRUE
"527";"527";10;10;6;4;225;26;9;28;284.853;91;0;1;1;0;0;2;69;169;24;28;FALSE
"528";"528";23;10;2;4;189;29;13;33;284.853;91;0;1;2;0;0;2;69;167;25;6;TRUE
"529";"529";6;10;2;4;235;16;8;32;284.853;91;0;3;0;0;0;0;75;178;25;25;TRUE
"530";"530";10;10;2;4;248;25;14;47;284.853;91;0;1;2;0;0;1;86;165;32;33;TRUE
"531";"531";0;10;2;4;225;26;9;28;284.853;91;1;1;1;0;0;2;69;169;24;28;FALSE
"532";"532";13;10;3;4;225;26;9;28;284.853;91;0;1;1;0;0;2;69;169;24;28;FALSE
"533";"533";21;11;3;4;179;51;18;38;268.519;93;0;1;0;1;0;0;89;170;31;3;FALSE
"534";"534";28;11;4;4;118;10;10;37;268.519;93;0;1;0;0;0;0;83;172;28;34;FALSE
"535";"535";2;11;4;4;330;16;4;28;268.519;93;0;2;0;0;0;0;84;182;25;18;TRUE
"536";"536";28;11;6;4;179;51;18;38;268.519;93;0;1;0;1;0;0;89;170;31;3;FALSE
"537";"537";9;11;3;4;118;10;10;37;268.519;93;0;1;0;0;0;0;83;172;28;34;TRUE
"538";"538";24;11;4;4;289;36;13;33;268.519;93;0;1;2;1;0;1;90;172;30;11;TRUE
"539";"539";1;11;6;4;235;16;8;32;268.519;93;0;3;0;0;0;0;75;178;25;25;TRUE
"540";"540";23;11;6;4;225;26;9;28;268.519;93;0;1;1;0;0;2;69;169;24;28;FALSE
"542";"542";28;11;4;4;291;31;12;40;268.519;93;0;1;1;1;0;1;73;171;25;15;FALSE
"543";"543";13;11;5;4;118;10;10;37;268.519;93;0;1;0;0;0;0;83;172;28;34;FALSE
"544";"544";14;11;5;4;225;26;9;28;268.519;93;0;1;1;0;0;2;69;169;24;28;FALSE
"546";"546";23;11;2;4;118;10;10;37;268.519;93;0;1;0;0;0;0;83;172;28;34;TRUE
"547";"547";8;11;3;4;118;10;10;37;268.519;93;0;1;0;0;0;0;83;172;28;34;TRUE
"548";"548";23;11;3;4;225;26;9;28;268.519;93;0;1;1;0;0;2;69;169;24;28;FALSE
"549";"549";0;11;3;4;291;31;12;40;268.519;93;1;1;1;1;0;1;73;171;25;15;FALSE
"550";"550";0;11;4;4;289;36;13;33;268.519;93;1;1;2;1;0;1;90;172;30;11;FALSE
"551";"551";14;11;5;4;248;25;14;47;268.519;93;0;1;2;0;0;1;86;165;32;33;FALSE
"552";"552";0;11;5;4;235;20;13;43;268.519;93;1;1;1;1;0;0;106;167;38;5;FALSE
"555";"555";28;11;2;4;361;52;3;28;268.519;93;0;1;1;1;0;4;80;172;27;10;FALSE
"556";"556";13;12;3;4;179;51;18;38;280.549;98;0;1;0;1;0;0;89;170;31;3;TRUE
"557";"557";28;12;4;4;291;31;12;40;280.549;98;0;1;1;1;0;1;73;171;25;15;FALSE
"558";"558";23;12;4;4;225;26;9;28;280.549;98;0;1;1;0;0;2;69;169;24;28;FALSE
"559";"559";13;12;6;4;179;26;9;30;280.549;98;0;3;0;0;0;0;56;171;19;22;FALSE
"560";"560";23;12;6;4;225;26;9;28;280.549;98;0;1;1;0;0;2;69;169;24;28;FALSE
"561";"561";23;12;4;4;225;26;9;28;280.549;98;0;1;1;0;0;2;69;169;24;28;FALSE
"562";"562";14;12;5;4;361;52;3;28;280.549;98;0;1;1;1;0;4;80;172;27;10;FALSE
"565";"565";18;12;2;4;233;51;1;31;280.549;98;0;2;1;1;0;8;68;178;21;12;TRUE
"566";"566";13;12;3;4;179;26;9;30;280.549;98;0;3;0;0;0;0;56;171;19;22;TRUE
"568";"568";23;12;5;4;225;26;9;28;280.549;98;0;1;1;0;0;2;69;169;24;28;FALSE
"571";"571";12;1;2;2;179;26;9;30;313.532;96;0;3;0;0;0;0;56;171;19;22;TRUE
"572";"572";12;1;5;2;179;26;9;30;313.532;96;0;3;0;0;0;0;56;171;19;22;TRUE
"573";"573";25;1;5;2;179;22;17;40;313.532;96;0;2;2;0;1;0;63;170;22;17;FALSE
"574";"574";25;1;6;2;179;22;17;40;313.532;96;0;2;2;0;1;0;63;170;22;17;FALSE
"575";"575";13;1;2;2;179;26;9;30;313.532;96;0;3;0;0;0;0;56;171;19;22;FALSE
"576";"576";25;1;4;2;179;22;17;40;313.532;96;0;2;2;0;1;0;63;170;22;17;FALSE
"577";"577";10;1;5;2;289;48;29;49;313.532;96;0;1;0;0;0;2;108;172;36;32;TRUE
"578";"578";18;1;6;2;179;22;17;40;313.532;96;0;2;2;0;1;0;63;170;22;17;FALSE
"579";"579";27;1;2;2;179;26;9;30;313.532;96;0;3;0;0;0;0;56;171;19;22;FALSE
"580";"580";18;1;3;2;155;12;14;34;313.532;96;0;1;2;1;0;0;95;196;25;14;TRUE
"581";"581";27;1;4;2;179;26;9;30;313.532;96;0;3;0;0;0;0;56;171;19;22;FALSE
"582";"582";27;1;4;2;179;51;18;38;313.532;96;0;1;0;1;0;0;89;170;31;3;FALSE
"583";"583";13;1;4;2;289;36;13;33;313.532;96;0;1;2;1;0;1;90;172;30;11;TRUE
"584";"584";27;1;5;2;179;51;18;38;313.532;96;0;1;0;1;0;0;89;170;31;3;FALSE
"585";"585";27;1;6;2;179;51;18;38;313.532;96;0;1;0;1;0;0;89;170;31;3;FALSE
"586";"586";13;2;3;2;179;51;18;38;264.249;97;0;1;0;1;0;0;89;170;31;3;TRUE
"587";"587";23;2;3;2;225;26;9;28;264.249;97;0;1;1;0;0;2;69;169;24;28;FALSE
"588";"588";1;2;4;2;248;25;14;47;264.249;97;0;1;2;0;0;1;86;165;32;33;TRUE
"589";"589";27;2;4;2;179;51;18;38;264.249;97;0;1;0;1;0;0;89;170;31;3;FALSE
"590";"590";28;2;5;2;225;26;9;28;264.249;97;0;1;1;0;0;2;69;169;24;28;FALSE
"591";"591";27;2;5;2;179;51;18;38;264.249;97;0;1;0;1;0;0;89;170;31;3;FALSE
"592";"592";27;2;5;2;179;26;9;30;264.249;97;0;3;0;0;0;0;56;171;19;22;FALSE
"593";"593";28;2;6;2;225;15;15;41;264.249;97;0;4;2;1;0;2;94;182;28;29;FALSE
"594";"594";27;2;6;2;179;51;18;38;264.249;97;0;1;0;1;0;0;89;170;31;3;FALSE
"595";"595";19;2;2;2;233;51;1;31;264.249;97;0;2;1;1;0;8;68;178;21;12;FALSE
"596";"596";27;2;2;2;179;51;18;38;264.249;97;0;1;0;1;0;0;89;170;31;3;FALSE
"598";"598";27;2;4;2;179;51;18;38;264.249;97;0;1;0;1;0;0;89;170;31;3;FALSE
"599";"599";27;2;5;2;179;51;18;38;264.249;97;0;1;0;1;0;0;89;170;31;3;FALSE
"600";"600";25;2;5;2;225;26;9;28;264.249;97;0;1;1;0;0;2;69;169;24;28;FALSE
"601";"601";13;2;5;2;179;26;9;30;264.249;97;0;3;0;0;0;0;56;171;19;22;FALSE
"602";"602";23;2;6;2;179;22;17;40;264.249;97;0;2;2;0;1;0;63;170;22;17;FALSE
"604";"604";12;2;4;2;233;51;1;31;264.249;97;0;2;1;1;0;8;68;178;21;12;FALSE
"606";"606";27;2;4;2;179;51;18;38;264.249;97;0;1;0;1;0;0;89;170;31;3;FALSE
"607";"607";13;2;5;2;179;51;18;38;264.249;97;0;1;0;1;0;0;89;170;31;3;TRUE
"609";"609";25;2;2;2;155;12;14;34;264.249;97;0;1;2;1;0;0;95;196;25;14;FALSE
"610";"610";25;2;2;2;235;16;8;32;264.249;97;0;3;0;0;0;0;75;178;25;25;FALSE
"611";"611";27;2;2;2;179;51;18;38;264.249;97;0;1;0;1;0;0;89;170;31;3;FALSE
"612";"612";7;2;2;2;225;26;9;28;264.249;97;0;1;1;0;0;2;69;169;24;28;FALSE
"613";"613";27;2;3;2;179;51;18;38;264.249;97;0;1;0;1;0;0;89;170;31;3;FALSE
"614";"614";23;2;3;2;248;25;14;47;264.249;97;0;1;2;0;0;1;86;165;32;33;FALSE
"615";"615";25;2;3;2;225;26;9;28;264.249;97;0;1;1;0;0;2;69;169;24;28;FALSE
"616";"616";27;2;4;2;179;51;18;38;264.249;97;0;1;0;1;0;0;89;170;31;3;FALSE
"617";"617";27;2;5;2;179;51;18;38;264.249;97;0;1;0;1;0;0;89;170;31;3;FALSE
"619";"619";27;3;2;2;179;51;18;38;222.196;99;0;1;0;1;0;0;89;170;31;3;FALSE
"621";"621";25;3;3;2;228;14;16;58;222.196;99;0;1;2;0;0;1;65;172;22;9;FALSE
"622";"622";25;3;3;2;248;25;14;47;222.196;99;0;1;2;0;0;1;86;165;32;33;FALSE
"623";"623";12;3;3;2;228;14;16;58;222.196;99;0;1;2;0;0;1;65;172;22;9;TRUE
"624";"624";27;3;4;2;179;51;18;38;222.196;99;0;1;0;1;0;0;89;170;31;3;FALSE
"625";"625";27;3;5;2;225;26;9;28;222.196;99;0;1;1;0;0;2;69;169;24;28;FALSE
"626";"626";27;3;5;2;179;51;18;38;222.196;99;0;1;0;1;0;0;89;170;31;3;FALSE
"627";"627";25;3;5;2;225;26;9;28;222.196;99;0;1;1;0;0;2;69;169;24;28;FALSE
"628";"628";27;3;6;2;179;26;9;30;222.196;99;0;3;0;0;0;0;56;171;19;22;FALSE
"631";"631";13;3;3;2;179;51;18;38;222.196;99;0;1;0;1;0;0;89;170;31;3;TRUE
"633";"633";27;3;5;2;179;51;18;38;222.196;99;0;1;0;1;0;0;89;170;31;3;FALSE
"634";"634";27;3;6;2;179;26;9;30;222.196;99;0;3;0;0;0;0;56;171;19;22;FALSE
"635";"635";10;3;2;2;179;51;18;38;222.196;99;0;1;0;1;0;0;89;170;31;3;FALSE
"636";"636";13;3;2;2;248;25;14;47;222.196;99;0;1;2;0;0;1;86;165;32;33;FALSE
"637";"637";27;3;2;2;179;51;18;38;222.196;99;0;1;0;1;0;0;89;170;31;3;FALSE
"638";"638";7;3;2;2;225;26;9;28;222.196;99;0;1;1;0;0;2;69;169;24;28;TRUE
"640";"640";23;3;4;2;289;36;13;33;222.196;99;0;1;2;1;0;1;90;172;30;11;TRUE
"641";"641";25;3;4;2;228;14;16;58;222.196;99;0;1;2;0;0;1;65;172;22;9;FALSE
"642";"642";27;3;4;2;179;51;18;38;222.196;99;0;1;0;1;0;0;89;170;31;3;FALSE
"643";"643";23;3;5;2;248;25;14;47;222.196;99;0;1;2;0;0;1;86;165;32;33;FALSE
"644";"644";27;3;5;2;179;51;18;38;222.196;99;0;1;0;1;0;0;89;170;31;3;FALSE
"645";"645";23;3;6;2;179;26;9;30;222.196;99;0;3;0;0;0;0;56;171;19;22;FALSE
"646";"646";27;3;6;2;179;51;18;38;222.196;99;0;1;0;1;0;0;89;170;31;3;FALSE
"647";"647";27;3;3;3;179;51;18;38;222.196;99;0;1;0;1;0;0;89;170;31;3;FALSE
"649";"649";13;3;4;3;155;12;14;34;222.196;99;0;1;2;1;0;0;95;196;25;14;TRUE
"650";"650";27;3;4;3;179;51;18;38;222.196;99;0;1;0;1;0;0;89;170;31;3;FALSE
"651";"651";27;3;5;3;179;51;18;38;222.196;99;0;1;0;1;0;0;89;170;31;3;FALSE
"652";"652";13;3;2;3;179;26;9;30;222.196;99;0;3;0;0;0;0;56;171;19;22;FALSE
"653";"653";19;3;2;3;289;36;13;33;222.196;99;0;1;2;1;0;1;90;172;30;11;TRUE
"655";"655";13;4;2;3;225;26;9;28;246.288;91;0;1;1;0;0;2;69;169;24;28;TRUE
"656";"656";10;4;2;3;118;10;10;37;246.288;91;0;1;0;0;0;0;83;172;28;34;TRUE
"658";"658";19;4;4;3;248;25;14;47;246.288;91;0;1;2;0;0;1;86;165;32;33;TRUE
"659";"659";13;4;5;3;189;29;13;33;246.288;91;0;1;2;0;0;2;69;167;25;6;TRUE
"661";"661";7;4;2;3;369;17;12;31;246.288;91;0;1;3;1;0;0;70;169;25;13;TRUE
"662";"662";16;4;3;3;179;22;17;40;246.288;91;0;2;2;0;1;0;63;170;22;17;FALSE
"663";"663";23;4;3;3;118;13;18;50;246.288;91;0;1;1;1;0;0;98;178;31;36;FALSE
"664";"664";23;4;3;3;361;52;3;28;246.288;91;0;1;1;1;0;4;80;172;27;10;FALSE
"665";"665";10;4;4;3;118;10;10;37;246.288;91;0;1;0;0;0;0;83;172;28;34;FALSE
"666";"666";22;4;6;3;235;11;14;37;246.288;91;0;3;1;0;0;1;88;172;29;1;TRUE
"667";"667";27;4;6;3;179;26;9;30;246.288;91;0;3;0;0;0;0;56;171;19;22;FALSE
"668";"668";19;4;2;3;225;26;9;28;246.288;91;0;1;1;0;0;2;69;169;24;28;TRUE
"669";"669";16;4;3;3;235;16;8;32;246.288;91;0;3;0;0;0;0;75;178;25;25;FALSE
"670";"670";27;4;6;3;179;26;9;30;246.288;91;0;3;0;0;0;0;56;171;19;22;FALSE
"671";"671";28;4;3;3;155;12;14;34;246.288;91;0;1;2;1;0;0;95;196;25;14;FALSE
"672";"672";19;4;5;3;225;26;9;28;246.288;91;0;1;1;0;0;2;69;169;24;28;TRUE
"673";"673";14;4;5;3;118;13;18;50;246.288;91;0;1;1;1;0;0;98;178;31;36;FALSE
"674";"674";27;4;6;3;179;26;9;30;246.288;91;0;3;0;0;0;0;56;171;19;22;FALSE
"675";"675";22;5;2;3;235;11;14;37;237.656;99;0;3;1;0;0;1;88;172;29;1;TRUE
"676";"676";19;5;4;3;225;15;15;41;237.656;99;0;4;2;1;0;2;94;182;28;29;FALSE
"677";"677";28;5;4;3;235;16;8;32;237.656;99;0;3;0;0;0;0;75;178;25;25;FALSE
"678";"678";8;5;4;3;118;10;10;37;237.656;99;0;1;0;0;0;0;83;172;28;34;FALSE
"679";"679";26;5;4;3;235;20;13;43;237.656;99;0;1;1;1;0;0;106;167;38;5;TRUE
"680";"680";13;5;5;3;179;26;9;30;237.656;99;0;3;0;0;0;0;56;171;19;22;FALSE
"681";"681";28;5;5;3;291;31;12;40;237.656;99;0;1;1;1;0;1;73;171;25;15;FALSE
"683";"683";19;5;6;3;300;26;13;43;237.656;99;0;1;2;1;1;1;77;175;25;26;TRUE
"684";"684";22;5;6;3;225;15;15;41;237.656;99;0;4;2;1;0;2;94;182;28;29;TRUE
"687";"687";5;5;3;3;118;13;18;50;237.656;99;0;1;1;1;0;0;98;178;31;36;FALSE
"688";"688";28;5;3;3;118;10;10;37;237.656;99;0;1;0;0;0;0;83;172;28;34;FALSE
"690";"690";27;5;4;3;179;26;9;30;237.656;99;0;3;0;0;0;0;56;171;19;22;FALSE
"692";"692";16;5;6;3;179;22;17;40;237.656;99;0;2;2;0;1;0;63;170;22;17;FALSE
"693";"693";10;5;2;3;155;12;14;34;237.656;99;0;1;2;1;0;0;95;196;25;14;TRUE
"694";"694";10;5;2;3;235;16;8;32;237.656;99;0;3;0;0;0;0;75;178;25;25;TRUE
"695";"695";22;5;4;3;291;31;12;40;237.656;99;0;1;1;1;0;1;73;171;25;15;TRUE
"696";"696";10;5;4;3;179;22;17;40;237.656;99;0;2;2;0;1;0;63;170;22;17;TRUE
"697";"697";6;5;4;3;225;26;9;28;237.656;99;0;1;1;0;0;2;69;169;24;28;FALSE
"698";"698";10;5;5;3;330;16;4;28;237.656;99;0;2;0;0;0;0;84;182;25;18;TRUE
"699";"699";23;5;5;3;235;16;8;32;237.656;99;0;3;0;0;0;0;75;178;25;25;FALSE
"701";"701";27;5;6;3;179;26;9;30;237.656;99;0;3;0;0;0;0;56;171;19;22;FALSE
"702";"702";7;5;2;3;361;52;3;28;237.656;99;0;1;1;1;0;4;80;172;27;10;TRUE
"703";"703";23;5;4;3;155;12;14;34;237.656;99;0;1;2;1;0;0;95;196;25;14;FALSE
"704";"704";25;5;6;3;179;22;17;40;237.656;99;0;2;2;0;1;0;63;170;22;17;TRUE
"705";"705";10;5;6;3;155;12;14;34;237.656;99;0;1;2;1;0;0;95;196;25;14;TRUE
"706";"706";11;5;2;3;225;26;9;28;237.656;99;0;1;1;0;0;2;69;169;24;28;FALSE
"707";"707";7;6;4;3;118;15;24;46;275.089;96;0;1;2;1;1;0;75;175;25;16;TRUE
"708";"708";27;6;4;3;179;26;9;30;275.089;96;0;3;0;0;0;0;56;171;19;22;FALSE
"709";"709";26;6;6;3;118;10;10;37;275.089;96;0;1;0;0;0;0;83;172;28;34;TRUE
"710";"710";10;6;4;3;118;10;10;37;275.089;96;0;1;0;0;0;0;83;172;28;34;TRUE
"712";"712";19;6;5;3;118;13;18;50;275.089;96;0;1;1;1;0;0;98;178;31;36;TRUE
"714";"714";27;6;6;3;179;26;9;30;275.089;96;0;3;0;0;0;0;56;171;19;22;FALSE
"716";"716";0;6;2;3;268;11;8;33;275.089;96;1;2;0;0;0;0;79;178;25;21;FALSE
"717";"717";19;6;5;3;118;13;18;50;275.089;96;0;1;1;1;0;0;98;178;31;36;FALSE
"718";"718";13;6;5;3;179;26;9;30;275.089;96;0;3;0;0;0;0;56;171;19;22;FALSE
"719";"719";28;6;5;3;291;31;12;40;275.089;96;0;1;1;1;0;1;73;171;25;15;FALSE
"720";"720";13;6;2;1;179;26;9;30;275.089;96;0;3;0;0;0;0;56;171;19;22;FALSE
"721";"721";25;6;2;1;118;10;10;37;275.089;96;0;1;0;0;0;0;83;172;28;34;FALSE
"723";"723";8;6;6;1;118;10;10;37;275.089;96;0;1;0;0;0;0;83;172;28;34;FALSE
"724";"724";10;6;4;1;118;10;10;37;275.089;96;0;1;0;0;0;0;83;172;28;34;FALSE
"725";"725";22;6;4;1;233;51;1;31;275.089;96;0;2;1;1;0;8;68;178;21;12;FALSE
"726";"726";26;7;4;1;235;20;13;43;264.604;93;0;1;1;1;0;0;106;167;38;5;FALSE
"728";"728";6;7;2;1;228;14;16;58;264.604;93;0;1;2;0;0;1;65;172;22;9;TRUE
"730";"730";6;7;3;1;228;14;16;58;264.604;93;0;1;2;0;0;1;65;172;22;9;TRUE
"731";"731";22;7;3;1;189;29;13;33;264.604;93;0;1;2;0;0;2;69;167;25;6;TRUE
"734";"734";22;7;4;1;225;26;9;28;264.604;93;0;1;1;0;0;2;69;169;24;28;TRUE
"735";"735";13;7;2;1;369;17;12;31;264.604;93;0;1;3;1;0;0;70;169;25;13;TRUE
"736";"736";14;7;3;1;289;36;13;33;264.604;93;0;1;2;1;0;1;90;172;30;11;TRUE
"737";"737";11;7;3;1;235;11;14;37;264.604;93;0;3;1;0;0;1;88;172;29;1;FALSE
"739";"739";0;0;4;2;231;35;14;39;271.219;95;0;1;2;1;0;2;100;170;35;8;FALSE
"740";"740";0;0;6;3;179;45;14;53;271.219;95;0;1;1;0;0;1;77;175;25;35;FALSE
